Group,Factor1
00wk,-3.69129282246431
00wk,-3.85984303713123
00wk,-3.62568309304968
post-00wk,1.22442217487442
post-00wk,1.05886615694746
post-00wk,1.05412049949477
post-00wk,1.236701544124
post-00wk,1.26151255065424
post-00wk,1.28244421631485
post-00wk,1.28665383622133
post-00wk,1.44857362397044
post-00wk,1.32352435004372
