group,Factor1
00wk,-0.479618654236191
00wk,-0.49495931107234
00wk,-0.502031074679027
post-00wk,0.13977444521633
post-00wk,0.0336982508121488
post-00wk,0.116533377347163
post-00wk,0.153866590105769
post-00wk,0.195757386301117
post-00wk,0.184959666481747
post-00wk,0.224791018538375
post-00wk,0.194978745292826
post-00wk,0.232249559892086
