Factor,Mean Absolute SHAP Value
Factor1,0.162249938229103
Factor4,8.97837235829443e-07
Factor2,6.79763603098072e-07
Factor3,6.14974986372826e-07
Factor5,3.83881233132858e-07
